{"custom_metrics": {}, "episode_media": {}, "info": {"learner": {"agent_6": {"learner_stats": {"allreduce_latency": 0.0, "grad_gnorm": 0.5352861537483701, "cur_kl_coeff": 0.19999999999999998, "cur_lr": 5.000000000000001e-05, "total_loss": 0.13630825314474734, "policy_loss": 0.10701343345276096, "vf_loss": 0.021880866815932248, "vf_explained_var": -0.9990642959611458, "kl": 0.03706976390292678, "entropy": 2.1957386878498815, "entropy_coeff": 0.0}, "model": {}, "custom_metrics": {}, "num_agent_steps_trained": 32.0, "num_grad_updates_lifetime": 285.5, "diff_num_grad_updates_vs_sampler_policy": 284.5}, "agent_1": {"learner_stats": {"allreduce_latency": 0.0, "grad_gnorm": 3.34483296123513, "cur_kl_coeff": 0.19999999999999998, "cur_lr": 5.000000000000001e-05, "total_loss": 0.09258941651174897, "policy_loss": 0.06074496464509713, "vf_loss": 0.021120640517412477, "vf_explained_var": -1.0, "kl": 0.05361905086848332, "entropy": 2.1784241308245744, "entropy_coeff": 0.0}, "model": {}, "custom_metrics": {}, "num_agent_steps_trained": 32.0, "num_grad_updates_lifetime": 285.5, "diff_num_grad_updates_vs_sampler_policy": 284.5}, "agent_4": {"learner_stats": {"allreduce_latency": 0.0, "grad_gnorm": 0.6652855020081788, "cur_kl_coeff": 0.19999999999999998, "cur_lr": 5.000000000000001e-05, "total_loss": 0.0897984213342792, "policy_loss": 0.07296354021680983, "vf_loss": 0.016487378850982632, "vf_explained_var": -0.9652225117934378, "kl": 0.0017375014660851345, "entropy": 2.168445797133864, "entropy_coeff": 0.0}, "model": {}, "custom_metrics": {}, "num_agent_steps_trained": 32.0, "num_grad_updates_lifetime": 285.5, "diff_num_grad_updates_vs_sampler_policy": 284.5}, "agent_5": {"learner_stats": {"allreduce_latency": 0.0, "grad_gnorm": 1.0303543326101805, "cur_kl_coeff": 0.19999999999999998, "cur_lr": 5.000000000000001e-05, "total_loss": 0.014084077064405408, "policy_loss": -0.03451065683181871, "vf_loss": 0.04428451991892265, "vf_explained_var": -0.9982590259167186, "kl": 0.021551069864730595, "entropy": 2.195142883166932, "entropy_coeff": 0.0}, "model": {}, "custom_metrics": {}, "num_agent_steps_trained": 32.0, "num_grad_updates_lifetime": 285.5, "diff_num_grad_updates_vs_sampler_policy": 284.5}, "agent_0": {"learner_stats": {"allreduce_latency": 0.0, "grad_gnorm": 0.451151127315927, "cur_kl_coeff": 0.19999999999999998, "cur_lr": 5.000000000000001e-05, "total_loss": 0.037314492837411534, "policy_loss": 0.0335119068851335, "vf_loss": 0.0021136677674622214, "vf_explained_var": -1.0, "kl": 0.00844459900087187, "entropy": 2.1944398942746615, "entropy_coeff": 0.0}, "model": {}, "custom_metrics": {}, "num_agent_steps_trained": 32.0, "num_grad_updates_lifetime": 285.5, "diff_num_grad_updates_vs_sampler_policy": 284.5}, "agent_3": {"learner_stats": {"allreduce_latency": 0.0, "grad_gnorm": 1.5703328600708852, "cur_kl_coeff": 0.19999999999999998, "cur_lr": 5.000000000000001e-05, "total_loss": 0.06890281806945016, "policy_loss": 0.041320395404309554, "vf_loss": 0.020316533555280545, "vf_explained_var": -0.789862627104709, "kl": 0.036329453526694644, "entropy": 2.194853755884003, "entropy_coeff": 0.0}, "model": {}, "custom_metrics": {}, "num_agent_steps_trained": 32.0, "num_grad_updates_lifetime": 285.5, "diff_num_grad_updates_vs_sampler_policy": 284.5}, "agent_2": {"learner_stats": {"allreduce_latency": 0.0, "grad_gnorm": 0.3991196871326681, "cur_kl_coeff": 0.19999999999999998, "cur_lr": 5.000000000000001e-05, "total_loss": -0.051555523155420495, "policy_loss": -0.05502012033472981, "vf_loss": 0.0030062107701644236, "vf_explained_var": -1.0, "kl": 0.002291935905979628, "entropy": 2.1757714434673914, "entropy_coeff": 0.0}, "model": {}, "custom_metrics": {}, "num_agent_steps_trained": 32.0, "num_grad_updates_lifetime": 285.5, "diff_num_grad_updates_vs_sampler_policy": 284.5}}, "num_env_steps_sampled": 400, "num_env_steps_trained": 400, "num_agent_steps_sampled": 2800, "num_agent_steps_trained": 2800}, "sampler_results": {"episode_reward_max": NaN, "episode_reward_min": NaN, "episode_reward_mean": NaN, "episode_len_mean": NaN, "episode_media": {}, "episodes_this_iter": 0, "policy_reward_min": {}, "policy_reward_max": {}, "policy_reward_mean": {}, "custom_metrics": {}, "hist_stats": {"episode_reward": [], "episode_lengths": []}, "sampler_perf": {}, "num_faulty_episodes": 0, "connector_metrics": {}}, "episode_reward_max": NaN, "episode_reward_min": NaN, "episode_reward_mean": NaN, "episode_len_mean": NaN, "episodes_this_iter": 0, "policy_reward_min": {}, "policy_reward_max": {}, "policy_reward_mean": {}, "hist_stats": {"episode_reward": [], "episode_lengths": []}, "sampler_perf": {}, "num_faulty_episodes": 0, "connector_metrics": {}, "num_healthy_workers": 1, "num_in_flight_async_reqs": 0, "num_remote_worker_restarts": 0, "num_agent_steps_sampled": 2800, "num_agent_steps_trained": 2800, "num_env_steps_sampled": 400, "num_env_steps_trained": 400, "num_env_steps_sampled_this_iter": 400, "num_env_steps_trained_this_iter": 400, "num_env_steps_sampled_throughput_per_sec": 5.258200605489816, "num_env_steps_trained_throughput_per_sec": 5.258200605489816, "timesteps_total": 400, "num_steps_trained_this_iter": 400, "agent_timesteps_total": 2800, "timers": {"training_iteration_time_ms": 76071.61, "sample_time_ms": 10754.256, "learn_time_ms": 65293.623, "learn_throughput": 6.126, "synch_weights_time_ms": 22.161}, "counters": {"num_env_steps_sampled": 400, "num_env_steps_trained": 400, "num_agent_steps_sampled": 2800, "num_agent_steps_trained": 2800}, "done": true, "episodes_total": 0, "training_iteration": 1, "trial_id": "fa1ae_00000", "date": "2023-08-29_18-47-40", "timestamp": 1693360060, "time_this_iter_s": 76.09406280517578, "time_total_s": 76.09406280517578, "pid": 24008, "hostname": "Rakshits-MacBook-Pro.local", "node_ip": "127.0.0.1", "config": {"extra_python_environs_for_driver": {}, "extra_python_environs_for_worker": {}, "num_gpus": 0, "num_cpus_per_worker": 1, "num_gpus_per_worker": 0, "_fake_gpus": false, "num_learner_workers": 0, "num_gpus_per_learner_worker": 0, "num_cpus_per_learner_worker": 1, "local_gpu_idx": 0, "custom_resources_per_worker": {}, "placement_strategy": "PACK", "eager_tracing": true, "eager_max_retraces": 20, "tf_session_args": {"intra_op_parallelism_threads": 2, "inter_op_parallelism_threads": 2, "gpu_options": {"allow_growth": true}, "log_device_placement": false, "device_count": {"CPU": 1}, "allow_soft_placement": true}, "local_tf_session_args": {"intra_op_parallelism_threads": 8, "inter_op_parallelism_threads": 8}, "torch_compile_learner": false, "torch_compile_learner_what_to_compile": "forward_train", "torch_compile_learner_dynamo_backend": "aot_eager", "torch_compile_learner_dynamo_mode": null, "torch_compile_worker": false, "torch_compile_worker_dynamo_backend": "aot_eager", "torch_compile_worker_dynamo_mode": null, "env": "meltingpot", "env_config": {"substrate": "clean_up", "roles": ["default", "default", "default", "default", "default", "default", "default"], "scaled": 8}, "observation_space": null, "action_space": null, "env_task_fn": null, "render_env": false, "clip_rewards": null, "normalize_actions": true, "clip_actions": false, "disable_env_checking": false, "_is_atari": null, "auto_wrap_old_gym_envs": true, "action_mask_key": "action_mask", "env_runner_cls": null, "num_envs_per_worker": 1, "sample_collector": "<class 'ray.rllib.evaluation.collectors.simple_list_collector.SimpleListCollector'>", "sample_async": false, "enable_connectors": true, "update_worker_filter_stats": true, "use_worker_filter_stats": true, "rollout_fragment_length": "auto", "batch_mode": "truncate_episodes", "remote_worker_envs": false, "remote_env_batch_wait_ms": 0, "validate_workers_after_construction": true, "preprocessor_pref": null, "observation_filter": "NoFilter", "compress_observations": false, "enable_tf1_exec_eagerly": false, "sampler_perf_stats_ema_coef": null, "gamma": 0.99, "lr": 5e-05, "grad_clip": null, "grad_clip_by": "global_norm", "train_batch_size": 400,