{"custom_metrics": {}, "episode_media": {}, "info": {"learner": {"agent_1": {"learner_stats": {"allreduce_latency": 0.0, "grad_gnorm": 2.168238066006125, "cur_kl_coeff": 0.19999999999999998, "cur_lr": 5.000000000000001e-05, "total_loss": -0.07324199781205766, "policy_loss": -0.09355881436678924, "vf_loss": 0.016405061601452824, "vf_explained_var": -1.0, "kl": 0.019558772719798778, "entropy": 2.053941864298101, "entropy_coeff": 0.0}, "model": {}, "custom_metrics": {}, "num_agent_steps_trained": 32.0, "num_grad_updates_lifetime": 285.5, "diff_num_grad_updates_vs_sampler_policy": 284.5}, "agent_4": {"learner_stats": {"allreduce_latency": 0.0, "grad_gnorm": 0.21199607566783302, "cur_kl_coeff": 0.19999999999999998, "cur_lr": 5.000000000000001e-05, "total_loss": -0.02437794484982365, "policy_loss": -0.026682298918042267, "vf_loss": 0.00018095032289049018, "vf_explained_var": -0.7318300986499117, "kl": 0.010617016995722699, "entropy": 2.0793999814150625, "entropy_coeff": 0.0}, "model": {}, "custom_metrics": {}, "num_agent_steps_trained": 32.0, "num_grad_updates_lifetime": 285.5, "diff_num_grad_updates_vs_sampler_policy": 284.5}, "agent_5": {"learner_stats": {"allreduce_latency": 0.0, "grad_gnorm": 11.369539733100355, "cur_kl_coeff": 0.19999999999999998, "cur_lr": 5.000000000000001e-05, "total_loss": 0.26793423161899116, "policy_loss": -0.059827754630200694, "vf_loss": 0.3213822234961155, "vf_explained_var": -0.1470170931857929, "kl": 0.031898817815111585, "entropy": 2.0210766440943666, "entropy_coeff": 0.0}, "model": {}, "custom_metrics": {}, "num_agent_steps_trained": 32.0, "num_grad_updates_lifetime": 285.5, "diff_num_grad_updates_vs_sampler_policy": 284.5}, "agent_0": {"learner_stats": {"allreduce_latency": 0.0, "grad_gnorm": 0.6363773883434765, "cur_kl_coeff": 0.19999999999999998, "cur_lr": 5.000000000000001e-05, "total_loss": 0.0113541221932361, "policy_loss": 0.003814205494627618, "vf_loss": 0.00661593887138595, "vf_explained_var": -1.0, "kl": 0.004619884304761612, "entropy": 2.0765855617690505, "entropy_coeff": 0.0}, "model": {}, "custom_metrics": {}, "num_agent_steps_trained": 32.0, "num_grad_updates_lifetime": 285.5, "diff_num_grad_updates_vs_sampler_policy": 284.5}, "agent_3": {"learner_stats": {"allreduce_latency": 0.0, "grad_gnorm": 0.9896061409199447, "cur_kl_coeff": 0.19999999999999998, "cur_lr": 5.000000000000001e-05, "total_loss": -0.03602276815616182, "policy_loss": -0.049852934688852546, "vf_loss": 0.01167576148794053, "vf_explained_var": -1.0, "kl": 0.010772024382120686, "entropy": 2.073344543942234, "entropy_coeff": 0.0}, "model": {}, "custom_metrics": {}, "num_agent_steps_trained": 32.0, "num_grad_updates_lifetime": 285.5, "diff_num_grad_updates_vs_sampler_policy": 284.5}, "agent_6": {"learner_stats": {"allreduce_latency": 0.0, "grad_gnorm": 3.216354187800173, "cur_kl_coeff": 0.19999999999999998, "cur_lr": 5.000000000000001e-05, "total_loss": -0.08738485198271902, "policy_loss": -0.09668169676800047, "vf_loss": 0.001768513476545514, "vf_explained_var": -1.0, "kl": 0.03764166977164644, "entropy": 2.0405743732787016, "entropy_coeff": 0.0}, "model": {}, "custom_metrics": {}, "num_agent_steps_trained": 32.0, "num_grad_updates_lifetime": 285.5, "diff_num_grad_updates_vs_sampler_policy": 284.5}, "agent_7": {"learner_stats": {"allreduce_latency": 0.0, "grad_gnorm": 2.246255593446263, "cur_kl_coeff": 0.19999999999999998, "cur_lr": 5.000000000000001e-05, "total_loss": -0.047142826778846875, "policy_loss": -0.08961022171731058, "vf_loss": 0.039523614358755337, "vf_explained_var": -0.9516620651671761, "kl": 0.014718907127927738, "entropy": 2.061854681215788, "entropy_coeff": 0.0}, "model": {}, "custom_metrics": {}, "num_agent_steps_trained": 32.0, "num_grad_updates_lifetime": 285.5, "diff_num_grad_updates_vs_sampler_policy": 284.5}, "agent_2": {"learner_stats": {"allreduce_latency": 0.0, "grad_gnorm": 3.460094410756178, "cur_kl_coeff": 0.19999999999999998, "cur_lr": 5.000000000000001e-05, "total_loss": 0.4551471165887881, "policy_loss": -0.041541222672452006, "vf_loss": 0.4856580187950545, "vf_explained_var": -0.07557719559000249, "kl": 0.05515161794462161, "entropy": 2.0385674568644743, "entropy_coeff": 0.0}, "model": {}, "custom_metrics": {}, "num_agent_steps_trained": 32.0, "num_grad_updates_lifetime": 285.5, "diff_num_grad_updates_vs_sampler_policy": 284.5}}, "num_env_steps_sampled": 400, "num_env_steps_trained": 400, "num_agent_steps_sampled": 3200, "num_agent_steps_trained": 3200}, "sampler_results": {"episode_reward_max": NaN, "episode_reward_min": NaN, "episode_reward_mean": NaN, "episode_len_mean": NaN, "episode_media": {}, "episodes_this_iter": 0, "policy_reward_min": {}, "policy_reward_max": {}, "policy_reward_mean": {}, "custom_metrics": {}, "hist_stats": {"episode_reward": [], "episode_lengths": []}, "sampler_perf": {}, "num_faulty_episodes": 0, "connector_metrics": {}}, "episode_reward_max": NaN, "episode_reward_min": NaN, "episode_reward_mean": NaN, "episode_len_mean": NaN, "episodes_this_iter": 0, "policy_reward_min": {}, "policy_reward_max": {}, "policy_reward_mean": {}, "hist_stats": {"episode_reward": [], "episode_lengths": []}, "sampler_perf": {}, "num_faulty_episodes": 0, "connector_metrics": {}, "num_healthy_workers": 1, "num_in_flight_async_reqs": 0, "num_remote_worker_restarts": 0, "num_agent_steps_sampled": 3200, "num_agent_steps_trained": 3200, "num_env_steps_sampled": 400, "num_env_steps_trained": 400, "num_env_steps_sampled_this_iter": 400, "num_env_steps_trained_this_iter": 400, "num_env_steps_sampled_throughput_per_sec": 5.05725858629959, "num_env_steps_trained_throughput_per_sec": 5.05725858629959, "timesteps_total": 400, "num_steps_trained_this_iter": 400, "agent_timesteps_total": 3200, "timers": {"training_iteration_time_ms": 79094.199, "sample_time_ms": 12331.404, "learn_time_ms": 66732.06, "learn_throughput": 5.994, "synch_weights_time_ms": 28.034}, "counters": {"num_env_steps_sampled": 400, "num_env_steps_trained": 400, "num_agent_steps_sampled": 3200, "num_agent_steps_trained": 3200}, "done": true, "episodes_total": 0, "training_iteration": 1, "trial_id": "61ee6_00000", "date": "2023-08-29_18-36-26", "timestamp": 1693359386, "time_this_iter_s": 79.1251769065857, "time_total_s": 79.1251769065857, "pid": 23825, "hostname": "Rakshits-MacBook-Pro.local", "node_ip": "127.0.0.1", "config": {"extra_python_environs_for_driver": {}, "extra_python_environs_for_worker": {}, "num_gpus": 0, "num_cpus_per_worker": 1, "num_gpus_per_worker": 0, "_fake_gpus": false, "num_learner_workers": 0, "num_gpus_per_learner_worker": 0, "num_cpus_per_learner_worker": 1, "local_gpu_idx": 0, "custom_resources_per_worker": {}, "placement_strategy": "PACK", "eager_tracing": true, "eager_max_retraces": 20, "tf_session_args": {"intra_op_parallelism_threads": 2, "inter_op_parallelism_threads": 2, "gpu_options": {"allow_growth": true}, "log_device_placement": false, "device_count": {"CPU": 1}, "allow_soft_placement": true}, "local_tf_session_args": {"intra_op_parallelism_threads": 8, "inter_op_parallelism_threads": 8}, "torch_compile_learner": false, "torch_compile_learner_what_to_compile": "forward_train", "torch_compile_learner_dynamo_backend": "aot_eager", "torch_compile_learner_dynamo_mode": null, "torch_compile_worker": false, "torch_compile_worker_dynamo_backend": "aot_eager", "torch_compile_worker_dynamo_mode": null, "env": "meltingpot", "env_config": {"substrate": "prisoners_dilemma_in_the_matrix__arena", "roles": ["default", "default", "default", "default", "default", "default", "default", "default"], "scaled": 8}, "observation_space": null, "action_space": null, "env_task_fn": null, "render_env": false, "clip_rewards": null, "normalize_actions": true, "clip_actions": false, "disable_env_checking": false, "_is_atari": null, "auto_wrap_old_gym_envs": true, "action_mask_key": "action_mask", "env_runner_cls": null, "num_envs_per_worker": 1,