{"custom_metrics": {}, "episode_media": {}, "info": {"learner": {"agent_8": {"learner_stats": {"allreduce_latency": 0.0, "grad_gnorm": 2.7041656298072714, "cur_kl_coeff": 0.19999999999999998, "cur_lr": 5.000000000000001e-05, "total_loss": 6.908182754642085, "policy_loss": -0.07008574526560934, "vf_loss": 6.976865779941804, "vf_explained_var": -0.1841981766516702, "kl": 0.007013620906511478, "entropy": 2.1894271921693234, "entropy_coeff": 0.0}, "model": {}, "custom_metrics": {}, "num_agent_steps_trained": 32.0, "num_grad_updates_lifetime": 285.5, "diff_num_grad_updates_vs_sampler_policy": 284.5}, "agent_3": {"learner_stats": {"allreduce_latency": 0.0, "grad_gnorm": 1.3704497768625357, "cur_kl_coeff": 0.19999999999999998, "cur_lr": 5.000000000000001e-05, "total_loss": 9.051253517050492, "policy_loss": -0.14527520006685926, "vf_loss": 9.192967429704833, "vf_explained_var": 0.21068024928109688, "kl": 0.017806579262773514, "entropy": 2.179830220707676, "entropy_coeff": 0.0}, "model": {}, "custom_metrics": {}, "num_agent_steps_trained": 32.0, "num_grad_updates_lifetime": 285.5, "diff_num_grad_updates_vs_sampler_policy": 284.5}, "agent_5": {"learner_stats": {"allreduce_latency": 0.0, "grad_gnorm": 7.295283903050841, "cur_kl_coeff": 0.19999999999999998, "cur_lr": 5.000000000000001e-05, "total_loss": 6.032459149548882, "policy_loss": -0.053206159488150946, "vf_loss": 6.07757629767191, "vf_explained_var": -0.202829449950603, "kl": 0.040445076562279796, "entropy": 2.1639430083726583, "entropy_coeff": 0.0}, "model": {}, "custom_metrics": {}, "num_agent_steps_trained": 32.0, "num_grad_updates_lifetime": 285.5, "diff_num_grad_updates_vs_sampler_policy": 284.5}, "agent_7": {"learner_stats": {"allreduce_latency": 0.0, "grad_gnorm": 1.824714952360904, "cur_kl_coeff": 0.19999999999999998, "cur_lr": 5.000000000000001e-05, "total_loss": 8.959589218675045, "policy_loss": -0.0854246222013771, "vf_loss": 9.028718064124124, "vf_explained_var": 0.042656647845318446, "kl": 0.08147893001026017, "entropy": 2.1662382389369763, "entropy_coeff": 0.0}, "model": {}, "custom_metrics": {}, "num_agent_steps_trained": 32.0, "num_grad_updates_lifetime": 285.5, "diff_num_grad_updates_vs_sampler_policy": 284.5}, "agent_0": {"learner_stats": {"allreduce_latency": 0.0, "grad_gnorm": 10.33892518449248, "cur_kl_coeff": 0.19999999999999998, "cur_lr": 5.000000000000001e-05, "total_loss": 4.889996334544399, "policy_loss": 0.0028916587497581515, "vf_loss": 4.856007560767364, "vf_explained_var": 0.5119895134055824, "kl": 0.15548571134103495, "entropy": 2.0548576112379107, "entropy_coeff": 0.0}, "model": {}, "custom_metrics": {}, "num_agent_steps_trained": 32.0, "num_grad_updates_lifetime": 285.5, "diff_num_grad_updates_vs_sampler_policy": 284.5}, "agent_4": {"learner_stats": {"allreduce_latency": 0.0, "grad_gnorm": 3.0434343241024435, "cur_kl_coeff": 0.19999999999999998, "cur_lr": 5.000000000000001e-05, "total_loss": 7.4173473927012665, "policy_loss": -0.018079441472103722, "vf_loss": 7.417092407481713, "vf_explained_var": 0.3886251821852567, "kl": 0.09167220965684346, "entropy": 2.102767750673127, "entropy_coeff": 0.0}, "model": {}, "custom_metrics": {}, "num_agent_steps_trained": 32.0, "num_grad_updates_lifetime": 285.5, "diff_num_grad_updates_vs_sampler_policy": 284.5}, "agent_1": {"learner_stats": {"allreduce_latency": 0.0, "grad_gnorm": 2.373157785633546, "cur_kl_coeff": 0.19999999999999998, "cur_lr": 5.000000000000001e-05, "total_loss": 9.708738593051308, "policy_loss": -0.1330987743020319, "vf_loss": 9.83433622561003, "vf_explained_var": -0.005672015223586769, "kl": 0.037505660538918933, "entropy": 2.1717037376604584, "entropy_coeff": 0.0}, "model": {}, "custom_metrics": {}, "num_agent_steps_trained": 32.0, "num_grad_updates_lifetime": 285.5, "diff_num_grad_updates_vs_sampler_policy": 284.5}, "agent_2": {"learner_stats": {"allreduce_latency": 0.0, "grad_gnorm": 3.74740630181735, "cur_kl_coeff": 0.19999999999999998, "cur_lr": 5.000000000000001e-05, "total_loss": 3.8681560202648764, "policy_loss": -0.0056726471896757155, "vf_loss": 3.8650139083056465, "vf_explained_var": -0.18779362607420536, "kl": 0.04407374297782403, "entropy": 2.1465109866962098, "entropy_coeff": 0.0}, "model": {}, "custom_metrics": {}, "num_agent_steps_trained": 32.0, "num_grad_updates_lifetime": 285.5, "diff_num_grad_updates_vs_sampler_policy": 284.5}, "agent_6": {"learner_stats": {"allreduce_latency": 0.0, "grad_gnorm": 2.681282565755802, "cur_kl_coeff": 0.19999999999999998, "cur_lr": 5.000000000000001e-05, "total_loss": 9.660632817787036, "policy_loss": -0.17246615757283412, "vf_loss": 9.828239634999058, "vf_explained_var": 0.09562864763694898, "kl": 0.02429658211399306, "entropy": 2.1415374354312293, "entropy_coeff": 0.0}, "model": {}, "custom_metrics": {}, "num_agent_steps_trained": 32.0, "num_grad_updates_lifetime": 285.5, "diff_num_grad_updates_vs_sampler_policy": 284.5}}, "num_env_steps_sampled": 400, "num_env_steps_trained": 400, "num_agent_steps_sampled": 3600, "num_agent_steps_trained": 3600}, "sampler_results": {"episode_reward_max": NaN, "episode_reward_min": NaN, "episode_reward_mean": NaN, "episode_len_mean": NaN, "episode_media": {}, "episodes_this_iter": 0, "policy_reward_min": {}, "policy_reward_max": {}, "policy_reward_mean": {}, "custom_metrics": {}, "hist_stats": {"episode_reward": [], "episode_lengths": []}, "sampler_perf": {}, "num_faulty_episodes": 0, "connector_metrics": {}}, "episode_reward_max": NaN, "episode_reward_min": NaN, "episode_reward_mean": NaN, "episode_len_mean": NaN, "episodes_this_iter": 0, "policy_reward_min": {}, "policy_reward_max": {}, "policy_reward_mean": {}, "hist_stats": {"episode_reward": [], "episode_lengths": []}, "sampler_perf": {}, "num_faulty_episodes": 0, "connector_metrics": {}, "num_healthy_workers": 1, "num_in_flight_async_reqs": 0, "num_remote_worker_restarts": 0, "num_agent_steps_sampled": 3600, "num_agent_steps_trained": 3600, "num_env_steps_sampled": 400, "num_env_steps_trained": 400, "num_env_steps_sampled_this_iter": 400, "num_env_steps_trained_this_iter": 400, "num_env_steps_sampled_throughput_per_sec": 4.177094048794179, "num_env_steps_trained_throughput_per_sec": 4.177094048794179, "timesteps_total": 400, "num_steps_trained_this_iter": 400, "agent_timesteps_total": 3600, "timers": {"training_iteration_time_ms": 95760.312, "sample_time_ms": 20409.498, "learn_time_ms": 75320.418, "learn_throughput": 5.311, "synch_weights_time_ms": 28.528}, "counters": {"num_env_steps_sampled": 400, "num_env_steps_trained": 400, "num_agent_steps_sampled": 3600, "num_agent_steps_trained": 3600}, "done": true, "episodes_total": 0, "training_iteration": 1, "trial_id": "4433a_00000", "date": "2023-08-29_18-43-02", "timestamp": 1693359782, "time_this_iter_s": 95.78996014595032, "time_total_s": 95.78996014595032, "pid": 23940, "hostname": "Rakshits-MacBook-Pro.local", "node_ip": "127.0.0.1", "config": {"extra_python_environs_for_driver": {}, "extra_python_environs_for_worker": {}, "num_gpus": 0, "num_cpus_per_worker": 1, "num_gpus_per_worker": 0, "_fake_gpus": false, "num_learner_workers": 0, "num_gpus_per_learner_worker": 0, "num_cpus_per_learner_worker": 1, "local_gpu_idx": 0, "custom_resources_per_worker": {}, "placement_strategy": "PACK", "eager_tracing": true, "eager_max_retraces": 20, "tf_session_args": {"intra_op_parallelism_threads": 2, "inter_op_parallelism_threads": 2, "gpu_options": {"allow_growth": true}, "log_device_placement": false, "device_count": {"CPU": 1}, "allow_soft_placement": true}, "local_tf_session_args": {"intra_op_parallelism_threads": 8, "inter_op_parallelism_threads": 8}, "torch_compile_learner": false, "torch_compile_learner_what_to_compile": "forward_train", "torch_compile_learner_dynamo_backend": "aot_eager", "torch_compile_learner_dynamo_mode": null, "torch_compile_worker": false, "torch_compile_worker_dynamo_backend": "aot_eager", "torch_compile_worker_dynamo_mode": null, "env": "meltingpot", "env_config": {"substrate": "territory__rooms",